{"sections":{"multicolumn":{"type":"multicolumn","disabled":true,"settings":{"title":"","heading_size":"h1","image_width":"third","image_ratio":"adapt","columns_desktop":3,"column_alignment":"center","background_style":"none","button_label":"","button_link":"","color_scheme":"background-1","columns_mobile":"1","swipe_on_mobile":false,"padding_top":36,"padding_bottom":36}},"1659351704b2e7f043":{"type":"Home-banner","settings":{"image-banner":"shopify:\/\/shop_images\/about-bg.webp","content-heading-1":"<span>DAVID <span span style=\"color:red;\">PARKER<\/span><\/span>","content-heading-chnge":"Developer","content-heading-2":"Creative","content-heading-3":"Creative DesignerDeveloperFreelancer","content-btn-1":"get in Touch"}},"1659604001e9bf7f29":{"type":"custom-footer","settings":{}}},"order":["multicolumn","1659351704b2e7f043","1659604001e9bf7f29"]}