{"sections":{"main":{"type":"main-page","disabled":true,"settings":{"padding_top":28,"padding_bottom":28}},"165942287210d60627":{"type":"News","blocks":{"741e54a8-c109-40b5-966a-f55ccea1079c":{"type":"brand","settings":{"slideshow_image":"shopify:\/\/shop_images\/6_1.jpg","heading-4":"Building brands through customer service","para-4":"Branding","brand_link":""}},"b609ae5b-2c89-4aa4-b3cf-e89e7f20f97d":{"type":"brand","settings":{"slideshow_image":"shopify:\/\/shop_images\/3_1.jpg","heading-4":"Unstoppable Jamstack and Gatsby opportunity","para-4":"Design","brand_link":""}},"fe4b7f6b-8515-43d2-92d8-82cba69ac972":{"type":"brand","settings":{"slideshow_image":"shopify:\/\/shop_images\/5_1.jpg","heading-4":"Electron framework adds encryption API","para-4":"Media","brand_link":""}},"c7782161-f0ed-4392-94fc-68d3b91402c4":{"type":"brand","settings":{"slideshow_image":"shopify:\/\/shop_images\/4_1.jpg","heading-4":"Sentry for JavaScript monitors release health","para-4":"Technology","brand_link":""}}},"block_order":["741e54a8-c109-40b5-966a-f55ccea1079c","b609ae5b-2c89-4aa4-b3cf-e89e7f20f97d","fe4b7f6b-8515-43d2-92d8-82cba69ac972","c7782161-f0ed-4392-94fc-68d3b91402c4"],"settings":{"heading2":"Latest","heading3":"News","slideshow_width":"full","show_brands_slider":true}},"1659444075910ed809":{"type":"custom-footer","settings":{}}},"order":["main","165942287210d60627","1659444075910ed809"]}