{"sections":{"main":{"type":"main-page","disabled":true,"settings":{"padding_top":28,"padding_bottom":28}},"1659413344e7c88fad":{"type":"Portfolio","blocks":{"1659413343ddc7920b-0":{"type":"brand","settings":{"slideshow_image":"shopify:\/\/shop_images\/5.jpg","brand_link":""}},"1659413343ddc7920b-1":{"type":"brand","settings":{"slideshow_image":"shopify:\/\/shop_images\/6.jpg","brand_link":""}},"1659413343ddc7920b-2":{"type":"brand","settings":{"slideshow_image":"shopify:\/\/shop_images\/5.jpg","brand_link":""}},"1659413343ddc7920b-3":{"type":"brand","settings":{"slideshow_image":"shopify:\/\/shop_images\/6.jpg","brand_link":""}}},"block_order":["1659413343ddc7920b-0","1659413343ddc7920b-1","1659413343ddc7920b-2","1659413343ddc7920b-3"],"settings":{"heading2":"Creative","heading3":"Portfolio","slideshow_width":"full","show_brands_slider":true}},"16594461528c18ed91":{"type":"custom-footer","settings":{}}},"order":["main","1659413344e7c88fad","16594461528c18ed91"]}