{"sections":{"main":{"type":"main-page","disabled":true,"settings":{"padding_top":28,"padding_bottom":28}},"16593578325a04733c":{"type":"About-image-with-text-section","settings":{"image-side-1":"shopify:\/\/shop_images\/1.jpg","image-banner":"shopify:\/\/shop_images\/about-bg_1881f0d0-4290-482e-b040-c499b5afbb45.webp","img-text":"My name is David Parker. I am a graphic designer, and I'm very passionate and dedicated to my work. With 20 years experience as a professional a graphic designer, I have acquired the skills and knowledge.","img-heading-1":"<span>DAVID <span span style=\" color:red;\">PARKER<\/span><\/span>","img-heading-2":"<span>Creative <span style=\"color:#fff;\">Developer<span><\/span><\/span><\/span>","Shop-btn":"Learn More"}},"16596074000458a432":{"type":"custom-footer","settings":{}}},"order":["main","16593578325a04733c","16596074000458a432"]}